{
	"class_name" : "PinholeCameraParameters",
	"extrinsic" : 
	[
		0.013752947414421341,
		-0.057486973149206165,
		0.99825152359290636,
		0.0,
		-0.99974312083631722,
		0.017196578559009586,
		0.014763807988618311,
		0.0,
		-0.018015237380538156,
		-0.99819813945128477,
		-0.05723570230299091,
		0.0,
		-0.1415524819187863,
		0.2459489979230759,
		-0.37470674059032333,
		1.0
	],
	"intrinsic" : 
	{
		"height" : 1032,
		"intrinsic_matrix" : 
		[
			1106.5655709829323,
			0.0,
			0.0,
			0.0,
			1106.5655709829323,
			0.0,
			959.5,
			515.5,
			1.0
		],
		"width" : 1920
	},
	"version_major" : 1,
	"version_minor" : 0
}